{
	"AlgoMap255BrLevel": {
		"sectionone": [0.006667,1.993],
		"sectiontwo": [0.05034,-194.6],
		"sectionthree": [0.01182299291,69.03614458],
		"sectionkeypoint": [4501,6848]
	},
	"LcmMapAlgoBrLevel": [
		[1,1],
		[2,76],
		[3,226],
		[4,376],
		[5,526],
		[6,676],
		[7,826],
		[8,976],
		[9,1125],
		[10,1275],
		[11,1425],
		[12,1575],
		[13,1725],
		[14,1875],
		[15,2025],
		[16,2175],
		[17,2325],
		[18,2475],
		[19,2625],
		[20,2775],
		[21,2925],
		[22,3075],
		[23,3225],
		[24,3375],
		[25,3525],
		[26,3675],
		[27,3825],
		[28,3975],
		[29,4125],
		[30,4275],
		[31,4425],
		[32,4511],
		[33,4531],
		[34,4551],
		[35,4570],
		[36,4590],
		[37,4610],
		[38,4630],
		[39,4650],
		[40,4670],
		[41,4690],
		[42,4710],
		[43,4729],
		[44,4749],
		[45,4769],
		[46,4789],
		[47,4809],
		[48,4829],
		[49,4849],
		[50,4868],
		[51,4888],
		[52,4908],
		[53,4928],
		[54,4948],
		[55,4968],
		[56,4988],
		[57,5008],
		[58,5027],
		[59,5047],
		[60,5067],
		[61,5087],
		[62,5107],
		[63,5127],
		[64,5147],
		[65,5166],
		[66,5186],
		[67,5206],
		[68,5226],
		[69,5246],
		[70,5266],
		[71,5286],
		[72,5305],
		[73,5325],
		[74,5345],
		[75,5365],
		[76,5385],
		[77,5405],
		[78,5425],
		[79,5445],
		[80,5464],
		[81,5484],
		[82,5504],
		[83,5524],
		[84,5544],
		[85,5564],
		[86,5584],
		[87,5603],
		[88,5623],
		[89,5643],
		[90,5663],
		[91,5683],
		[92,5703],
		[93,5723],
		[94,5743],
		[95,5762],
		[96,5782],
		[97,5802],
		[98,5822],
		[99,5842],
		[100,5862],
		[101,5882],
		[102,5901],
		[103,5921],
		[104,5941],
		[105,5961],
		[106,5981],
		[107,6001],
		[108,6021],
		[109,6040],
		[110,6060],
		[111,6080],
		[112,6100],
		[113,6120],
		[114,6140],
		[115,6160],
		[116,6180],
		[117,6199],
		[118,6219],
		[119,6239],
		[120,6259],
		[121,6279],
		[122,6299],
		[123,6319],
		[124,6338],
		[125,6358],
		[126,6378],
		[127,6398],
		[128,6418],
		[129,6438],
		[130,6458],
		[131,6478],
		[132,6497],
		[133,6517],
		[134,6537],
		[135,6557],
		[136,6577],
		[137,6597],
		[138,6617],
		[139,6636],
		[140,6656],
		[141,6676],
		[142,6696],
		[143,6716],
		[144,6736],
		[145,6756],
		[146,6775],
		[147,6795],
		[148,6815],
		[149,6835],
		[150,6889],
		[151,6975],
		[152,7059],
		[153,7144],
		[154,7228],
		[155,7313],
		[156,7398],
		[157,7482],
		[158,7567],
		[159,7651],
		[160,7736],
		[161,7820],
		[162,7905],
		[163,7990],
		[164,8074],
		[165,8159],
		[166,8243],
		[167,8328],
		[168,8413],
		[169,8497],
		[170,8582],
		[171,8666],
		[172,8751],
		[173,8835],
		[174,8920],
		[175,9005],
		[176,9089],
		[177,9174],
		[178,9258],
		[179,9343],
		[180,9428],
		[181,9512],
		[182,9597],
		[183,9681],
		[184,9766],
		[185,9850],
		[186,9935],
		[187,10020],
		[188,10104],
		[189,10189],
		[190,10273],
		[191,10358],
		[192,10442],
		[193,10527],
		[194,10612],
		[195,10696],
		[196,10781],
		[197,10865],
		[198,10950],
		[199,11035],
		[200,11119],
		[201,11204],
		[202,11288],
		[203,11373],
		[204,11457],
		[205,11542],
		[206,11627],
		[207,11711],
		[208,11796],
		[209,11880],
		[210,11965],
		[211,12050],
		[212,12134],
		[213,12219],
		[214,12303],
		[215,12388],
		[216,12472],
		[217,12557],
		[218,12642],
		[219,12726],
		[220,12811],
		[221,12895],
		[222,12980],
		[223,13064],
		[224,13149],
		[225,13234],
		[226,13318],
		[227,13403],
		[228,13487],
		[229,13572],
		[230,13657],
		[231,13741],
		[232,13826],
		[233,13910],
		[234,13995],
		[235,14079],
		[236,14164],
		[237,14249],
		[238,14333],
		[239,14418],
		[240,14502],
		[241,14587],
		[242,14672],
		[243,14756],
		[244,14841],
		[245,14925],
		[246,15010],
		[247,15094],
		[248,15179],
		[249,15264],
		[250,15348],
		[251,15433],
		[252,15517],
		[253,15602],
		[254,15686],
		[255,15729]
	]
}
