{
	"AlgoMap255BrLevel": {
		"sectionone": [0.006667,1.993],
		"sectiontwo": [0.05034,-194.6],
		"sectionthree": [0.01239230497,65.13749557],
		"sectionkeypoint": [4501,6848]
	},
	"LcmMapAlgoBrLevel": [
		[1,1],
		[2,76],
		[3,226],
		[4,376],
		[5,526],
		[6,676],
		[7,826],
		[8,976],
		[9,1125],
		[10,1275],
		[11,1425],
		[12,1575],
		[13,1725],
		[14,1875],
		[15,2025],
		[16,2175],
		[17,2325],
		[18,2475],
		[19,2625],
		[20,2775],
		[21,2925],
		[22,3075],
		[23,3225],
		[24,3375],
		[25,3525],
		[26,3675],
		[27,3825],
		[28,3975],
		[29,4125],
		[30,4275],
		[31,4425],
		[32,4511],
		[33,4531],
		[34,4551],
		[35,4570],
		[36,4590],
		[37,4610],
		[38,4630],
		[39,4650],
		[40,4670],
		[41,4690],
		[42,4710],
		[43,4729],
		[44,4749],
		[45,4769],
		[46,4789],
		[47,4809],
		[48,4829],
		[49,4849],
		[50,4868],
		[51,4888],
		[52,4908],
		[53,4928],
		[54,4948],
		[55,4968],
		[56,4988],
		[57,5008],
		[58,5027],
		[59,5047],
		[60,5067],
		[61,5087],
		[62,5107],
		[63,5127],
		[64,5147],
		[65,5166],
		[66,5186],
		[67,5206],
		[68,5226],
		[69,5246],
		[70,5266],
		[71,5286],
		[72,5305],
		[73,5325],
		[74,5345],
		[75,5365],
		[76,5385],
		[77,5405],
		[78,5425],
		[79,5445],
		[80,5464],
		[81,5484],
		[82,5504],
		[83,5524],
		[84,5544],
		[85,5564],
		[86,5584],
		[87,5603],
		[88,5623],
		[89,5643],
		[90,5663],
		[91,5683],
		[92,5703],
		[93,5723],
		[94,5743],
		[95,5762],
		[96,5782],
		[97,5802],
		[98,5822],
		[99,5842],
		[100,5862],
		[101,5882],
		[102,5901],
		[103,5921],
		[104,5941],
		[105,5961],
		[106,5981],
		[107,6001],
		[108,6021],
		[109,6040],
		[110,6060],
		[111,6080],
		[112,6100],
		[113,6120],
		[114,6140],
		[115,6160],
		[116,6180],
		[117,6199],
		[118,6219],
		[119,6239],
		[120,6259],
		[121,6279],
		[122,6299],
		[123,6319],
		[124,6338],
		[125,6358],
		[126,6378],
		[127,6398],
		[128,6418],
		[129,6438],
		[130,6458],
		[131,6478],
		[132,6497],
		[133,6517],
		[134,6537],
		[135,6557],
		[136,6577],
		[137,6597],
		[138,6617],
		[139,6636],
		[140,6656],
		[141,6676],
		[142,6696],
		[143,6716],
		[144,6736],
		[145,6756],
		[146,6775],
		[147,6795],
		[148,6815],
		[149,6835],
		[150,6887],
		[151,6969],
		[152,7050],
		[153,7130],
		[154,7211],
		[155,7292],
		[156,7372],
		[157,7453],
		[158,7534],
		[159,7614],
		[160,7695],
		[161,7776],
		[162,7857],
		[163,7937],
		[164,8018],
		[165,8099],
		[166,8179],
		[167,8260],
		[168,8341],
		[169,8421],
		[170,8502],
		[171,8583],
		[172,8663],
		[173,8744],
		[174,8825],
		[175,8906],
		[176,8986],
		[177,9067],
		[178,9148],
		[179,9228],
		[180,9309],
		[181,9390],
		[182,9470],
		[183,9551],
		[184,9632],
		[185,9713],
		[186,9793],
		[187,9874],
		[188,9955],
		[189,10035],
		[190,10116],
		[191,10197],
		[192,10277],
		[193,10358],
		[194,10439],
		[195,10519],
		[196,10600],
		[197,10681],
		[198,10762],
		[199,10842],
		[200,10923],
		[201,11004],
		[202,11084],
		[203,11165],
		[204,11246],
		[205,11326],
		[206,11407],
		[207,11488],
		[208,11569],
		[209,11649],
		[210,11730],
		[211,11811],
		[212,11891],
		[213,11972],
		[214,12053],
		[215,12133],
		[216,12214],
		[217,12295],
		[218,12375],
		[219,12456],
		[220,12537],
		[221,12618],
		[222,12698],
		[223,12779],
		[224,12860],
		[225,12940],
		[226,13021],
		[227,13102],
		[228,13182],
		[229,13263],
		[230,13344],
		[231,13425],
		[232,13505],
		[233,13586],
		[234,13667],
		[235,13747],
		[236,13828],
		[237,13909],
		[238,13989],
		[239,14070],
		[240,14151],
		[241,14231],
		[242,14312],
		[243,14393],
		[244,14474],
		[245,14554],
		[246,14635],
		[247,14716],
		[248,14796],
		[249,14877],
		[250,14958],
		[251,15038],
		[252,15119],
		[253,15200],
		[254,15280],
		[255,15321]
	]
}
