{
	"AlgoMap255BrLevel": {
		"sectionone": [0.006667,1.993],
		"sectiontwo": [0.05034,-194.6],
		"sectionthree": [0.01184433164,68.89001692],
		"sectionkeypoint": [4501,6848]
	},
	"LcmMapAlgoBrLevel": [
		[1,1],
		[2,76],
		[3,226],
		[4,376],
		[5,526],
		[6,676],
		[7,826],
		[8,976],
		[9,1125],
		[10,1275],
		[11,1425],
		[12,1575],
		[13,1725],
		[14,1875],
		[15,2025],
		[16,2175],
		[17,2325],
		[18,2475],
		[19,2625],
		[20,2775],
		[21,2925],
		[22,3075],
		[23,3225],
		[24,3375],
		[25,3525],
		[26,3675],
		[27,3825],
		[28,3975],
		[29,4125],
		[30,4275],
		[31,4425],
		[32,4511],
		[33,4531],
		[34,4551],
		[35,4570],
		[36,4590],
		[37,4610],
		[38,4630],
		[39,4650],
		[40,4670],
		[41,4690],
		[42,4710],
		[43,4729],
		[44,4749],
		[45,4769],
		[46,4789],
		[47,4809],
		[48,4829],
		[49,4849],
		[50,4868],
		[51,4888],
		[52,4908],
		[53,4928],
		[54,4948],
		[55,4968],
		[56,4988],
		[57,5008],
		[58,5027],
		[59,5047],
		[60,5067],
		[61,5087],
		[62,5107],
		[63,5127],
		[64,5147],
		[65,5166],
		[66,5186],
		[67,5206],
		[68,5226],
		[69,5246],
		[70,5266],
		[71,5286],
		[72,5305],
		[73,5325],
		[74,5345],
		[75,5365],
		[76,5385],
		[77,5405],
		[78,5425],
		[79,5445],
		[80,5464],
		[81,5484],
		[82,5504],
		[83,5524],
		[84,5544],
		[85,5564],
		[86,5584],
		[87,5603],
		[88,5623],
		[89,5643],
		[90,5663],
		[91,5683],
		[92,5703],
		[93,5723],
		[94,5743],
		[95,5762],
		[96,5782],
		[97,5802],
		[98,5822],
		[99,5842],
		[100,5862],
		[101,5882],
		[102,5901],
		[103,5921],
		[104,5941],
		[105,5961],
		[106,5981],
		[107,6001],
		[108,6021],
		[109,6040],
		[110,6060],
		[111,6080],
		[112,6100],
		[113,6120],
		[114,6140],
		[115,6160],
		[116,6180],
		[117,6199],
		[118,6219],
		[119,6239],
		[120,6259],
		[121,6279],
		[122,6299],
		[123,6319],
		[124,6338],
		[125,6358],
		[126,6378],
		[127,6398],
		[128,6418],
		[129,6438],
		[130,6458],
		[131,6478],
		[132,6497],
		[133,6517],
		[134,6537],
		[135,6557],
		[136,6577],
		[137,6597],
		[138,6617],
		[139,6636],
		[140,6656],
		[141,6676],
		[142,6696],
		[143,6716],
		[144,6736],
		[145,6756],
		[146,6775],
		[147,6795],
		[148,6815],
		[149,6835],
		[150,6889],
		[151,6974],
		[152,7059],
		[153,7143],
		[154,7228],
		[155,7312],
		[156,7396],
		[157,7481],
		[158,7565],
		[159,7650],
		[160,7734],
		[161,7819],
		[162,7903],
		[163,7987],
		[164,8072],
		[165,8156],
		[166,8241],
		[167,8325],
		[168,8410],
		[169,8494],
		[170,8578],
		[171,8663],
		[172,8747],
		[173,8832],
		[174,8916],
		[175,9001],
		[176,9085],
		[177,9169],
		[178,9254],
		[179,9338],
		[180,9423],
		[181,9507],
		[182,9592],
		[183,9676],
		[184,9760],
		[185,9845],
		[186,9929],
		[187,10014],
		[188,10098],
		[189,10183],
		[190,10267],
		[191,10351],
		[192,10436],
		[193,10520],
		[194,10605],
		[195,10689],
		[196,10774],
		[197,10858],
		[198,10942],
		[199,11027],
		[200,11111],
		[201,11196],
		[202,11280],
		[203,11365],
		[204,11449],
		[205,11533],
		[206,11618],
		[207,11702],
		[208,11787],
		[209,11871],
		[210,11956],
		[211,12040],
		[212,12124],
		[213,12209],
		[214,12293],
		[215,12378],
		[216,12462],
		[217,12547],
		[218,12631],
		[219,12715],
		[220,12800],
		[221,12884],
		[222,12969],
		[223,13053],
		[224,13138],
		[225,13222],
		[226,13306],
		[227,13391],
		[228,13475],
		[229,13560],
		[230,13644],
		[231,13729],
		[232,13813],
		[233,13897],
		[234,13982],
		[235,14066],
		[236,14151],
		[237,14235],
		[238,14320],
		[239,14404],
		[240,14488],
		[241,14573],
		[242,14657],
		[243,14742],
		[244,14826],
		[245,14911],
		[246,14995],
		[247,15079],
		[248,15164],
		[249,15248],
		[250,15333],
		[251,15417],
		[252,15502],
		[253,15586],
		[254,15670],
		[255,15713]
	]
}
