{
	"AlgoMap255BrLevel": {
		"sectionone": [0.006667,1.993],
		"sectiontwo": [0.05034,-194.6],
		"sectionthree": [0.01217532468,66.62337662],
		"sectionkeypoint": [4501,6848]
	},
	"LcmMapAlgoBrLevel": [
		[1,1],
		[2,76],
		[3,226],
		[4,376],
		[5,526],
		[6,676],
		[7,826],
		[8,976],
		[9,1125],
		[10,1275],
		[11,1425],
		[12,1575],
		[13,1725],
		[14,1875],
		[15,2025],
		[16,2175],
		[17,2325],
		[18,2475],
		[19,2625],
		[20,2775],
		[21,2925],
		[22,3075],
		[23,3225],
		[24,3375],
		[25,3525],
		[26,3675],
		[27,3825],
		[28,3975],
		[29,4125],
		[30,4275],
		[31,4425],
		[32,4511],
		[33,4531],
		[34,4551],
		[35,4570],
		[36,4590],
		[37,4610],
		[38,4630],
		[39,4650],
		[40,4670],
		[41,4690],
		[42,4710],
		[43,4729],
		[44,4749],
		[45,4769],
		[46,4789],
		[47,4809],
		[48,4829],
		[49,4849],
		[50,4868],
		[51,4888],
		[52,4908],
		[53,4928],
		[54,4948],
		[55,4968],
		[56,4988],
		[57,5008],
		[58,5027],
		[59,5047],
		[60,5067],
		[61,5087],
		[62,5107],
		[63,5127],
		[64,5147],
		[65,5166],
		[66,5186],
		[67,5206],
		[68,5226],
		[69,5246],
		[70,5266],
		[71,5286],
		[72,5305],
		[73,5325],
		[74,5345],
		[75,5365],
		[76,5385],
		[77,5405],
		[78,5425],
		[79,5445],
		[80,5464],
		[81,5484],
		[82,5504],
		[83,5524],
		[84,5544],
		[85,5564],
		[86,5584],
		[87,5603],
		[88,5623],
		[89,5643],
		[90,5663],
		[91,5683],
		[92,5703],
		[93,5723],
		[94,5743],
		[95,5762],
		[96,5782],
		[97,5802],
		[98,5822],
		[99,5842],
		[100,5862],
		[101,5882],
		[102,5901],
		[103,5921],
		[104,5941],
		[105,5961],
		[106,5981],
		[107,6001],
		[108,6021],
		[109,6040],
		[110,6060],
		[111,6080],
		[112,6100],
		[113,6120],
		[114,6140],
		[115,6160],
		[116,6180],
		[117,6199],
		[118,6219],
		[119,6239],
		[120,6259],
		[121,6279],
		[122,6299],
		[123,6319],
		[124,6338],
		[125,6358],
		[126,6378],
		[127,6398],
		[128,6418],
		[129,6438],
		[130,6458],
		[131,6478],
		[132,6497],
		[133,6517],
		[134,6537],
		[135,6557],
		[136,6577],
		[137,6597],
		[138,6617],
		[139,6636],
		[140,6656],
		[141,6676],
		[142,6696],
		[143,6716],
		[144,6736],
		[145,6756],
		[146,6775],
		[147,6795],
		[148,6815],
		[149,6835],
		[150,6888],
		[151,6971],
		[152,7053],
		[153,7135],
		[154,7217],
		[155,7299],
		[156,7381],
		[157,7464],
		[158,7546],
		[159,7628],
		[160,7710],
		[161,7792],
		[162,7874],
		[163,7956],
		[164,8038],
		[165,8121],
		[166,8203],
		[167,8285],
		[168,8367],
		[169,8449],
		[170,8531],
		[171,8613],
		[172,8696],
		[173,8778],
		[174,8860],
		[175,8942],
		[176,9024],
		[177,9106],
		[178,9188],
		[179,9270],
		[180,9353],
		[181,9435],
		[182,9517],
		[183,9599],
		[184,9681],
		[185,9763],
		[186,9845],
		[187,9928],
		[188,10010],
		[189,10092],
		[190,10174],
		[191,10256],
		[192,10338],
		[193,10420],
		[194,10502],
		[195,10585],
		[196,10667],
		[197,10749],
		[198,10831],
		[199,10913],
		[200,10995],
		[201,11077],
		[202,11160],
		[203,11242],
		[204,11324],
		[205,11406],
		[206,11488],
		[207,11570],
		[208,11652],
		[209,11734],
		[210,11817],
		[211,11899],
		[212,11981],
		[213,12063],
		[214,12145],
		[215,12227],
		[216,12309],
		[217,12392],
		[218,12474],
		[219,12556],
		[220,12638],
		[221,12720],
		[222,12802],
		[223,12884],
		[224,12966],
		[225,13049],
		[226,13131],
		[227,13213],
		[228,13295],
		[229,13377],
		[230,13459],
		[231,13541],
		[232,13624],
		[233,13706],
		[234,13788],
		[235,13870],
		[236,13952],
		[237,14034],
		[238,14116],
		[239,14198],
		[240,14281],
		[241,14363],
		[242,14445],
		[243,14527],
		[244,14609],
		[245,14691],
		[246,14773],
		[247,14856],
		[248,14938],
		[249,15020],
		[250,15102],
		[251,15184],
		[252,15266],
		[253,15348],
		[254,15430],
		[255,15472]
	]
}
