{
	"AlgoMap255BrLevel": {
		"sectionone": [0.006667,1.993],
		"sectiontwo": [0.05034,-194.6],
		"sectionthree": [0.01531281902,45.13781537],
		"sectionkeypoint": [4501,6848]
	},
	"LcmMapAlgoBrLevel": [
		[1,1],
		[2,76],
		[3,226],
		[4,376],
		[5,526],
		[6,676],
		[7,826],
		[8,976],
		[9,1125],
		[10,1275],
		[11,1425],
		[12,1575],
		[13,1725],
		[14,1875],
		[15,2025],
		[16,2175],
		[17,2325],
		[18,2475],
		[19,2625],
		[20,2775],
		[21,2925],
		[22,3075],
		[23,3225],
		[24,3375],
		[25,3525],
		[26,3675],
		[27,3825],
		[28,3975],
		[29,4125],
		[30,4275],
		[31,4425],
		[32,4511],
		[33,4531],
		[34,4551],
		[35,4570],
		[36,4590],
		[37,4610],
		[38,4630],
		[39,4650],
		[40,4670],
		[41,4690],
		[42,4710],
		[43,4729],
		[44,4749],
		[45,4769],
		[46,4789],
		[47,4809],
		[48,4829],
		[49,4849],
		[50,4868],
		[51,4888],
		[52,4908],
		[53,4928],
		[54,4948],
		[55,4968],
		[56,4988],
		[57,5008],
		[58,5027],
		[59,5047],
		[60,5067],
		[61,5087],
		[62,5107],
		[63,5127],
		[64,5147],
		[65,5166],
		[66,5186],
		[67,5206],
		[68,5226],
		[69,5246],
		[70,5266],
		[71,5286],
		[72,5305],
		[73,5325],
		[74,5345],
		[75,5365],
		[76,5385],
		[77,5405],
		[78,5425],
		[79,5445],
		[80,5464],
		[81,5484],
		[82,5504],
		[83,5524],
		[84,5544],
		[85,5564],
		[86,5584],
		[87,5603],
		[88,5623],
		[89,5643],
		[90,5663],
		[91,5683],
		[92,5703],
		[93,5723],
		[94,5743],
		[95,5762],
		[96,5782],
		[97,5802],
		[98,5822],
		[99,5842],
		[100,5862],
		[101,5882],
		[102,5901],
		[103,5921],
		[104,5941],
		[105,5961],
		[106,5981],
		[107,6001],
		[108,6021],
		[109,6040],
		[110,6060],
		[111,6080],
		[112,6100],
		[113,6120],
		[114,6140],
		[115,6160],
		[116,6180],
		[117,6199],
		[118,6219],
		[119,6239],
		[120,6259],
		[121,6279],
		[122,6299],
		[123,6319],
		[124,6338],
		[125,6358],
		[126,6378],
		[127,6398],
		[128,6418],
		[129,6438],
		[130,6458],
		[131,6478],
		[132,6497],
		[133,6517],
		[134,6537],
		[135,6557],
		[136,6577],
		[137,6597],
		[138,6617],
		[139,6636],
		[140,6656],
		[141,6676],
		[142,6696],
		[143,6716],
		[144,6736],
		[145,6756],
		[146,6775],
		[147,6795],
		[148,6815],
		[149,6835],
		[150,6879],
		[151,6946],
		[152,7011],
		[153,7076],
		[154,7142],
		[155,7207],
		[156,7272],
		[157,7338],
		[158,7403],
		[159,7468],
		[160,7534],
		[161,7599],
		[162,7664],
		[163,7729],
		[164,7795],
		[165,7860],
		[166,7925],
		[167,7991],
		[168,8056],
		[169,8121],
		[170,8187],
		[171,8252],
		[172,8317],
		[173,8383],
		[174,8448],
		[175,8513],
		[176,8578],
		[177,8644],
		[178,8709],
		[179,8774],
		[180,8840],
		[181,8905],
		[182,8970],
		[183,9036],
		[184,9101],
		[185,9166],
		[186,9231],
		[187,9297],
		[188,9362],
		[189,9427],
		[190,9493],
		[191,9558],
		[192,9623],
		[193,9689],
		[194,9754],
		[195,9819],
		[196,9885],
		[197,9950],
		[198,10015],
		[199,10080],
		[200,10146],
		[201,10211],
		[202,10276],
		[203,10342],
		[204,10407],
		[205,10472],
		[206,10538],
		[207,10603],
		[208,10668],
		[209,10733],
		[210,10799],
		[211,10864],
		[212,10929],
		[213,10995],
		[214,11060],
		[215,11125],
		[216,11191],
		[217,11256],
		[218,11321],
		[219,11387],
		[220,11452],
		[221,11517],
		[222,11582],
		[223,11648],
		[224,11713],
		[225,11778],
		[226,11844],
		[227,11909],
		[228,11974],
		[229,12040],
		[230,12105],
		[231,12170],
		[232,12235],
		[233,12301],
		[234,12366],
		[235,12431],
		[236,12497],
		[237,12562],
		[238,12627],
		[239,12693],
		[240,12758],
		[241,12823],
		[242,12889],
		[243,12954],
		[244,13019],
		[245,13084],
		[246,13150],
		[247,13215],
		[248,13280],
		[249,13346],
		[250,13411],
		[251,13476],
		[252,13542],
		[253,13607],
		[254,13672],
		[255,13705]
	]
}
