{
	"AlgoMap255BrLevel": {
		"sectionone": [0.006667,1.993],
		"sectiontwo": [0.05034,-194.6],
		"sectionthree": [0.01212471132,66.96997691],
		"sectionkeypoint": [4501,6848]
	},
	"LcmMapAlgoBrLevel": [
		[1,1],
		[2,76],
		[3,226],
		[4,376],
		[5,526],
		[6,676],
		[7,826],
		[8,976],
		[9,1125],
		[10,1275],
		[11,1425],
		[12,1575],
		[13,1725],
		[14,1875],
		[15,2025],
		[16,2175],
		[17,2325],
		[18,2475],
		[19,2625],
		[20,2775],
		[21,2925],
		[22,3075],
		[23,3225],
		[24,3375],
		[25,3525],
		[26,3675],
		[27,3825],
		[28,3975],
		[29,4125],
		[30,4275],
		[31,4425],
		[32,4511],
		[33,4531],
		[34,4551],
		[35,4570],
		[36,4590],
		[37,4610],
		[38,4630],
		[39,4650],
		[40,4670],
		[41,4690],
		[42,4710],
		[43,4729],
		[44,4749],
		[45,4769],
		[46,4789],
		[47,4809],
		[48,4829],
		[49,4849],
		[50,4868],
		[51,4888],
		[52,4908],
		[53,4928],
		[54,4948],
		[55,4968],
		[56,4988],
		[57,5008],
		[58,5027],
		[59,5047],
		[60,5067],
		[61,5087],
		[62,5107],
		[63,5127],
		[64,5147],
		[65,5166],
		[66,5186],
		[67,5206],
		[68,5226],
		[69,5246],
		[70,5266],
		[71,5286],
		[72,5305],
		[73,5325],
		[74,5345],
		[75,5365],
		[76,5385],
		[77,5405],
		[78,5425],
		[79,5445],
		[80,5464],
		[81,5484],
		[82,5504],
		[83,5524],
		[84,5544],
		[85,5564],
		[86,5584],
		[87,5603],
		[88,5623],
		[89,5643],
		[90,5663],
		[91,5683],
		[92,5703],
		[93,5723],
		[94,5743],
		[95,5762],
		[96,5782],
		[97,5802],
		[98,5822],
		[99,5842],
		[100,5862],
		[101,5882],
		[102,5901],
		[103,5921],
		[104,5941],
		[105,5961],
		[106,5981],
		[107,6001],
		[108,6021],
		[109,6040],
		[110,6060],
		[111,6080],
		[112,6100],
		[113,6120],
		[114,6140],
		[115,6160],
		[116,6180],
		[117,6199],
		[118,6219],
		[119,6239],
		[120,6259],
		[121,6279],
		[122,6299],
		[123,6319],
		[124,6338],
		[125,6358],
		[126,6378],
		[127,6398],
		[128,6418],
		[129,6438],
		[130,6458],
		[131,6478],
		[132,6497],
		[133,6517],
		[134,6537],
		[135,6557],
		[136,6577],
		[137,6597],
		[138,6617],
		[139,6636],
		[140,6656],
		[141,6676],
		[142,6696],
		[143,6716],
		[144,6736],
		[145,6756],
		[146,6775],
		[147,6795],
		[148,6815],
		[149,6835],
		[150,6888],
		[151,6971],
		[152,7054],
		[153,7136],
		[154,7219],
		[155,7301],
		[156,7384],
		[157,7466],
		[158,7549],
		[159,7631],
		[160,7714],
		[161,7796],
		[162,7879],
		[163,7961],
		[164,8044],
		[165,8126],
		[166,8209],
		[167,8291],
		[168,8374],
		[169,8456],
		[170,8538],
		[171,8621],
		[172,8703],
		[173,8786],
		[174,8868],
		[175,8951],
		[176,9033],
		[177,9116],
		[178,9198],
		[179,9281],
		[180,9363],
		[181,9446],
		[182,9528],
		[183,9611],
		[184,9693],
		[185,9776],
		[186,9858],
		[187,9941],
		[188,10023],
		[189,10106],
		[190,10188],
		[191,10270],
		[192,10353],
		[193,10435],
		[194,10518],
		[195,10600],
		[196,10683],
		[197,10765],
		[198,10848],
		[199,10930],
		[200,11013],
		[201,11095],
		[202,11178],
		[203,11260],
		[204,11343],
		[205,11425],
		[206,11508],
		[207,11590],
		[208,11673],
		[209,11755],
		[210,11838],
		[211,11920],
		[212,12002],
		[213,12085],
		[214,12167],
		[215,12250],
		[216,12332],
		[217,12415],
		[218,12497],
		[219,12580],
		[220,12662],
		[221,12745],
		[222,12827],
		[223,12910],
		[224,12992],
		[225,13075],
		[226,13157],
		[227,13240],
		[228,13322],
		[229,13405],
		[230,13487],
		[231,13570],
		[232,13652],
		[233,13734],
		[234,13817],
		[235,13899],
		[236,13982],
		[237,14064],
		[238,14147],
		[239,14229],
		[240,14312],
		[241,14394],
		[242,14477],
		[243,14559],
		[244,14642],
		[245,14724],
		[246,14807],
		[247,14889],
		[248,14972],
		[249,15054],
		[250,15137],
		[251,15219],
		[252,15302],
		[253,15384],
		[254,15466],
		[255,15508]
	]
}
