{
	"ramperbrightness": {
		"sectiondown": [
			[-11.34,19388.548],
			[-2.531559633,4634.410385],
			[-4.068305085,6538.438],
			[-8.078715328,9614.422657],
			[-14.02176,12544.34368],
			[-18.95830588,14632.50259],
			[-21.09855726,15428.6761],
			[-29.16,17484.344],
			[-25.50221053,16661.34137],
			[-49.99701754,21707.27161],
			[-78.62785714,25973.26671],
			[-193.8793333,38305.17467],
			[-139.2173913,32948.30435],
			[-151.0714286,33837.35714],
			[-181.9166667,35718.91667],
			[-244.6875,38794.6875],
			[-339.4,41920.2],
			[-474.75,45033.25],
			[-690.0909091,48263.36364]
		],
		"section_downpoint": [1675,1239,767,493,423,372,255,225,206,149,107,98,75,61,49,33,23,15,4],
		"section_down_min_step": [6,24,15,8,5,4,3,6,6,3,2,2,2,2,2,2,2,2,2],
		"sectiondowngapminone": 20,
		"sectiondowngapmintwo": 80,
		"sectiondownkeybr": 372,
		"downlcmFlickValue": 2,
		"uptotaltime": 2800,
		"uplimmitcount": 25,
		"section_uppoint": [334,1030],
		"quickupstep": [23,68,66],
		"quickupgap": [20,0,0],
		"quickdownstep": [3,10,10,56],
		"quickdowngap": [40,40,30,20],
		"quick_sectionpoint": [780,435,201,4],
		"pemtotaltime": 10000
	}
}
