{
	"ramperbrightness": {
		"sectiondown": [
			[-2.009777778,3175.885333],
			[-3.655958549,5373.536663],
			[-7.42795572,8225.166524],
			[-12.20027586,10539.74179],
			[-17.32717241,12728.92662],
			[-22.15787611,14511.45628],
			[-24.90410323,15214.49043],
			[-27.08526667,15705.2522],
			[-38.99603448,18170.78114],
			[-73.92482609,23375.17109],
			[-158.0402222,32039.05689],
			[-145.0769231,31053.84615],
			[-170.5714286,32660],
			[-250.1875,36561.1875],
			[-309.6,38521.8],
			[-425.25,41181.75],
			[-785.6428571,46587.64286]
		],
		"section_downpoint": [1335,756,485,427,369,256,225,207,149,103,76,63,49,33,23,15,1],
		"section_down_min_step": [30,17,9,5,4,3,3,6,4,3,2,2,2,2,2,2,2],
		"sectiondowngapminone": 20,
		"sectiondowngapmintwo": 80,
		"sectiondownkeybr": 256,
		"downlcmFlickValue": 2,
		"uptotaltime": 2800,
		"uplimmitcount": 25,
		"section_uppoint": [274,856],
		"quickupstep": [19,56,60],
		"quickupgap": [20,0,0],
		"quickdownstep": [2,8,8,47],
		"quickdowngap": [40,40,30,20],
		"quick_sectionpoint": [648,358,164,1],
		"pemtotaltime": 10000
	}
}
