{
	"ramperbrightness": {
		"sectiondown": [
			[-2.0349,3193.1443],
			[-3.675,5369.557],
			[-7.659212598,8361.700661],
			[-10.61852055,9832.476712],
			[-18.27229091,13077.67535],
			[-22.35571429,14584.45857],
			[-24.28272,15079.69904],
			[-26.55402,15595.28414],
			[-38.99603448,18170.78114],
			[-72.3492,23140.4028],
			[-107.0901,26753.4564],
			[-260.6791111,39654.93333],
			[-157.2142857,31895.07143],
			[-158.25,31958.25],
			[-250.125,36460.125],
			[-319.5,38749.5],
			[-425.25,41181.75],
			[-835.5,47335.5]
		],
		"section_downpoint": [1327,751,497,424,369,257,227,207,149,104,84,75,61,49,33,23,15,1],
		"section_down_min_step": [30,17,8,6,4,3,3,6,4,3,2,2,2,2,2,2,2,2],
		"sectiondowngapminone": 20,
		"sectiondowngapmintwo": 80,
		"sectiondownkeybr": 257,
		"downlcmFlickValue": 2,
		"uptotaltime": 2800,
		"uplimmitcount": 25,
		"section_uppoint": [274,852],
		"quickupstep": [19,56,60],
		"quickupgap": [20,0,0],
		"quickdownstep": [2,8,8,46],
		"quickdowngap": [40,40,30,20],
		"quick_sectionpoint": [644,358,163,1],
		"pemtotaltime": 10000
	}
}
