{
	"ramperbrightness": {
		"sectiondown": [
			[-2.414511628,4023.22307],
			[-3.793707113,5751.355013],
			[-7.357,8512.907],
			[-12.55275,11043.23725],
			[-16.5984,12754.5472],
			[-22.52019115,14945.60993],
			[-24.26171613,15393.18185],
			[-28.7712,16412.3252],
			[-34.45896774,17584.00535],
			[-52.13,20676.436],
			[-73.63956522,23881.36122],
			[-97.5402,26343.1266],
			[-190.3595294,34975.32424],
			[-146.7333333,31659.73333],
			[-183.1666667,33882.16667],
			[-246.8666667,37003.46667],
			[-308.9090909,39112.90909],
			[-449.375,42343.625],
			[-821.2142857,47921.21429]
		],
		"section_downpoint": [1253,775,487,423,370,257,226,206,175,149,103,93,76,61,49,34,23,15,1],
		"section_down_min_step": [25,16,9,5,4,3,3,6,5,3,3,2,2,2,2,2,2,2,2],
		"sectiondowngapminone": 20,
		"sectiondowngapmintwo": 80,
		"sectiondownkeybr": 257,
		"downlcmFlickValue": 2,
		"uptotaltime": 2800,
		"uplimmitcount": 25,
		"section_uppoint": [291,908],
		"quickupstep": [20,60,62],
		"quickupgap": [20,0,0],
		"quickdownstep": [2,8,9,50],
		"quickdowngap": [40,40,30,20],
		"quick_sectionpoint": [686,380,172,1],
		"pemtotaltime": 10000
	}
}
