{
	"ramperbrightness": {
		"sectiondown": [
			[-2.400554913,4063.348624],
			[-3.922178988,6006.462568],
			[-7.270700361,8561.384375],
			[-15.39335593,12508.99498],
			[-14.48275862,12120.16993],
			[-23.06968496,15288.74575],
			[-26.15972903,16079.79703],
			[-26.946,16256.708],
			[-33.4884375,17610.99256],
			[-55.17684615,21406.46408],
			[-76.10126087,24524.20187],
			[-107.2116,27728.5668],
			[-191.5617778,35573.13333],
			[-136.2857143,31427.42857],
			[-191,34765],
			[-237.0625,37022.0625],
			[-340.5,40435.5],
			[-437.375,42663.625],
			[-814.3571429,48318.35714]
		],
		"section_downpoint": [1277,763,486,427,369,256,225,207,175,149,103,93,75,61,49,33,23,15,1],
		"section_down_min_step": [26,16,9,4,5,3,3,6,5,3,2,2,2,2,2,2,2,2,2],
		"sectiondowngapminone": 20,
		"sectiondowngapmintwo": 80,
		"sectiondownkeybr": 256,
		"downlcmFlickValue": 2,
		"uptotaltime": 2800,
		"uplimmitcount": 25,
		"section_uppoint": [300,929],
		"quickupstep": [21,61,63],
		"quickupgap": [20,0,0],
		"quickdownstep": [3,9,9,50],
		"quickdowngap": [40,40,30,20],
		"quick_sectionpoint": [702,391,178,1],
		"pemtotaltime": 10000
	}
}
