{
	"ramperbrightness": {
		"sectiondown": [
			[-22.68,38609.848],
			[-2.531559633,4659.725982],
			[-4.034117647,6536.420941],
			[-7.933935484,9550.980129],
			[-14.22497391,12658.75311],
			[-18.6912,14556.8992],
			[-20.95348772,15391.68337],
			[-27.77142857,17130.25829],
			[-27.702,17114.498],
			[-49.08470175,21519.33456],
			[-77.63271429,25772.98843],
			[-183.8712,37140.5064],
			[-136.3636364,32532.27273],
			[-146.0769231,33260.76923],
			[-177.7692308,35225.69231],
			[-232.6666667,37915.66667],
			[-336.3636364,41441.36364],
			[-437.5,43767.5],
			[-858.25,50078.75]
		],
		"section_downpoint": [1685,1249,773,494,425,369,255,227,206,149,107,97,75,62,49,34,23,15,3],
		"section_down_min_step": [3,24,15,8,5,4,3,6,6,4,2,2,2,2,2,2,2,2,2],
		"sectiondowngapminone": 20,
		"sectiondowngapmintwo": 80,
		"sectiondownkeybr": 369,
		"downlcmFlickValue": 2,
		"uptotaltime": 2800,
		"uplimmitcount": 25,
		"section_uppoint": [334,1039],
		"quickupstep": [23,68,66],
		"quickupgap": [20,0,0],
		"quickdownstep": [3,10,10,56],
		"quickdowngap": [40,40,30,20],
		"quick_sectionpoint": [786,436,200,3],
		"pemtotaltime": 10000
	}
}
