{
	"ramperbrightness": {
		"sectiondown": [
			[-3.618181818,7201.618182],
			[-7.946774194,12634.00161],
			[-14.06188679,17275.37208],
			[-18.10410959,19272.23014],
			[-18.36666667,19382.76667],
			[-23.65517241,21355.37931],
			[-32.85333333,23719.30667],
			[-32.92,23734.44],
			[-43.10666667,25843.08],
			[-62.47272727,28689.89091],
			[-87.25714286,31242.68571],
			[-117.6571429,33522.68571],
			[-146.3333333,35271.93333],
			[-190.4,37431.2],
			[-289.3818182,40796.58182],
			[-466.2,44863.4],
			[-1028.088889,53291.73333]
		],
		"section_downpoint": [1255,759,494,421,373,257,227,207,147,103,75,61,49,34,23,15,6],
		"section_down_min_step": [17,8,5,4,4,3,2,7,5,4,3,2,2,2,2,2,2],
		"sectiondowngapminone": 20,
		"sectiondowngapmintwo": 80,
		"sectiondownkeybr": 257,
		"downlcmFlickValue": 2,
		"uptotaltime": 2800,
		"uplimmitcount": 25,
		"section_uppoint": [303,931],
		"quickupstep": [21,61,62],
		"quickupgap": [20,0,0],
		"quickdownstep": [3,9,9,50],
		"quickdowngap": [40,40,30,20],
		"quick_sectionpoint": [704,394,183,6],
		"pemtotaltime": 10000
	}
}
