{
	"ramperbrightness": {
		"sectiondown": [
			[-2.400554913,4005.735306],
			[-3.793707113,5751.355013],
			[-7.25542446,8434.185957],
			[-11.91031579,10747.66695],
			[-16.9176,12855.7336],
			[-22.52019115,14923.08973],
			[-25.93493793,15797.26491],
			[-26.3655,15895.0025],
			[-34.8856875,17658.68131],
			[-52.13,20676.436],
			[-72.81163636,23757.99982],
			[-96.5925,26254.9905],
			[-190.3595294,34975.32424],
			[-146.7333333,31659.73333],
			[-183.1666667,33882.16667],
			[-246.8666667,37003.46667],
			[-299.3636364,38788.36364],
			[-437.75,41971.25],
			[-792.5,47292.5]
		],
		"section_downpoint": [1253,775,497,421,369,256,227,207,175,149,105,93,76,61,49,34,23,15,1],
		"section_down_min_step": [25,16,9,6,4,3,3,6,5,3,3,2,2,2,2,2,2,2,2],
		"sectiondowngapminone": 20,
		"sectiondowngapmintwo": 80,
		"sectiondownkeybr": 256,
		"downlcmFlickValue": 2,
		"uptotaltime": 2800,
		"uplimmitcount": 25,
		"section_uppoint": [290,908],
		"quickupstep": [20,60,62],
		"quickupgap": [20,0,0],
		"quickdownstep": [2,8,9,50],
		"quickdowngap": [40,40,30,20],
		"quick_sectionpoint": [686,380,173,1],
		"pemtotaltime": 10000
	}
}
