{
	"ramperbrightness": {
		"sectiondown": [
			[-3.573831776,7188.84486],
			[-7.836182903,12589.24374],
			[-14.10294118,17377.04706],
			[-17.31428571,18957.02857],
			[-18.71698113,19548.96604],
			[-23.72612613,21397.34054],
			[-31.79354839,23478.73548],
			[-34.65263158,24127.74737],
			[-43.10666667,25886.18667],
			[-59.96363636,28381.01818],
			[-87.31428571,31225.48571],
			[-109.6571429,32923.54286],
			[-135.1384615,34503.38462],
			[-190.3466667,37208.58667],
			[-279.5636364,40241.96364],
			[-411.2,43269.6],
			[-889.84,50449.2]
		],
		"section_downpoint": [1267,764,492,422,369,258,227,208,148,104,76,62,49,34,23,15,5],
		"section_down_min_step": [17,8,5,4,4,3,2,6,5,4,3,2,2,2,2,2,2],
		"sectiondowngapminone": 20,
		"sectiondowngapmintwo": 80,
		"sectiondownkeybr": 258,
		"downlcmFlickValue": 2,
		"uptotaltime": 2800,
		"uplimmitcount": 25,
		"section_uppoint": [304,938],
		"quickupstep": [21,62,63],
		"quickupgap": [20,0,0],
		"quickdownstep": [3,9,9,50],
		"quickdowngap": [40,40,30,20],
		"quick_sectionpoint": [710,396,183,5],
		"pemtotaltime": 10000
	}
}
